/*SIDU Export Start-------------------2013-06-22 13:06:44*/
CREATE DATABASE `tvshowdb` /*!40100 DEFAULT CHARACTER SET utf8 */

use tvshowdb;

INSERT INTO company(achievements,name,publisher,telephone,version) VALUES ('','北京鸿映视盛有限公司','','',1),
('','春天融和影视公司','','',0),
('','辛迪加影视','','',0),
('','北京诚成时代国际文化发展有限公司','','',0),
('','浙江长城影视','','',0),
('','沃美文化传媒','','',0),
('','西安曲江银海影视','','',0),
('','北京凤仪文化传媒有限公司','','',0),
('','重庆润视影视传播有限公司','','',0),
('','五岸传媒','','',0),
('','上海电影集团有限公司','','',0),
('','北京天下和讯','','',0),
('','北京中北电视艺术中心','','',0),
('','重庆笛女阿瑞斯','','',0),
('','湖南天娱广告公司','','',0),
('','东方在扬','','',0),
('','北京依泓之信文化有限公司','','',0),
('','天津博艺影视有限公司','','',0),
('','北京香巢国际传媒股份有限公司','','',0),
('','山东电影电视剧制作中心','','',0),
('','四川省文采文化传播有限公司','','',0),
('','北京捷成时代文化传媒有限公司','','',0),
('','鑫宝源传媒','','',0),
('','苏州福纳','','',0),
('','海南润扬文化','','',0),
('','浙江影视集团','','',0),
('','西安凯博文化发展有限公司','','',0),
('','华录百纳影视公司','','',0),
('','中华电视公司','','',0),
('','小马奔腾','','',0),
('','上海新文化传媒','','',0),
('','七星影业','','',0),
('','国龙联盟','','',0),
('','北京金盛信马','','',0),
('','浙江华策影视股份有限公司','','',0),
('','北京华鼎世纪国际文化有限公司','','',0),
('','北京紫禁城影业公司','','',0),
('','邦起文化投资公司','','',0),
('','华夏视听环球传媒集团有限公司','','',0),
('','东阳合信时代','','',0),
('','电广传媒文化发展有限公司','','',0),
('','深圳市宏美影视文化传播有限公司','','',0),
('','天罡风华北京影视文化有限公司','','',0),
('','北京双华嘉聿影视文化有限公司','','',0),
('','北京尚品佳作','','',0),
('','上海SMG尚世影业','','',0),
('','梦舟文化','','',0),
('','中视传媒','','',0),
('','大唐辉煌','','',0),
('','凤凰传奇影业有限公司','','',0),
('','华视影视投资有限公司','','',0),
('','北京东方在扬文化传播','','',0),
('','北京鑫宝源影视投资有限公司','','',0),
('','凤仪传媒','','',0),
('','北京中视和展投资有限公司','','',0),
('','北京金天地影视文化有限公司','','',0),
('','上海永州影视有限公司','','',0),
('','东伦传媒','','',0),
('','泰海影业文化传播有限公司','','',0),
('','好剧影视','','',0),
('','山东影视','','',0),
('','东阳市花儿影视文化有限公司','','',0),
('','浙江唐德影视','','',0),
('','金盾影视','','',0),
('','北京大唐辉煌传媒股份有限公司','','',0),
('','广厦文化传媒集团','','',0),
('','刘波国际文化传媒有限公司','','',0),
('','上海艺甲天趣投资管理有限公司','','',0),
('','浙江绿城传媒','','',0),
('','台湾电视公司','','',0),
('','幸福蓝海','','',0),
('','北京盛世金都影视','','',0),
('','合木东方文化传媒有限公司','','',0),
('','天雨传媒','','',0),
('','北京新爱喜文化传播有限公司','','',0),
('','欢瑞世纪影视传媒','','',0),
('','东阳华海时代影业传媒有限公司','','',0),
('','文化部艺术服务中心影视部','','',0),
('','上影英皇','','',0),
('','总后艺术中心','','',0),
('','福建世纪长龙文化发展有限公司','','',0),
('','云视传媒集团','','',0),
('','西安奥金百影视文化有限公司','','',0),
('','浙江润禾影视有限公司','','',0),
('','陕西杨家将影视文化有限公司','','',0),
('','江苏艺星影视传播有限公司','','',0),
('','西安海润影视','','',0),
('','北京电视台','','',0),
('','盟将威影视文化公司小马奔腾','','',0),
('','天视卫星传媒股份有限公司','','',0),
('','浙江永乐影视','','',0),
('','东阳视灿影视文化传播有限公司','','',0),
('','北京康乾光澍影视','','',0),
('','西安曲江丫丫','','',0),
('','于正工作室','','',0),
('','兄弟时代影视','','',0),
('','万达影视传媒','','',0),
('','新丽传媒','','',0),
('','北京兄弟嘉缘','','',0),
('','海润影视','','',0),
('','北京宏岳金骁','','',0),
('','云南广电传媒集团','','',0),
('','中视星锐','','',0),
('','凤凰卫视电视剧制作中心','','',0),
('','北京春天融和影视文化有限责任公司','','',0),
('','金色池塘影视文化有限公司','','',0),
('','上海星景影视','','',0),
('','北京华录百纳影视股份有限公司','','',0),
('','香港电视广播有限公司','','',0),
('','江苏省浪淘沙影业有限公司','','',0),
('','广东南方领航影视','','',0),
('','陕文投艺达投资公司','','',0),
('','北京博瑞杰国际影视文化传播有限公司','','',0),
('','银润影视','','',0),
('','陕西飞凰影视文化传媒有限公司','','',0),
('','四川星空影视传媒文化有限公司','','',0),
('','中广影视','','',0),
('','天视传媒','','',0),
('','北京中联华盟文化传媒投资有限公司','','',0),
('','北京世纪传承文化传播公司','','',0),
('','华谊兄弟传媒股份有限公司','','',0),
('','华夏电视传播','','',0),
('','上海新文化','','',0),
('','北京国立常升影视文化传播有限公司','','',0),
('','博纳影视','','',0),
('','北京电视艺术中心有限公司','','',0);

/*SIDU Export End-------------------*/


/*SIDU Export Start-------------------2013-06-22 13:07:16*/

INSERT INTO progress(name,version) VALUES ('筹备拍摄',0),
('拍摄',1),
('后期制作',0),
('成片',0),
('剧本策划',0),
('发行',0),
('首轮发行',0),
('二轮发行',0),
('二轮后发行',0);

/*SIDU Export End-------------------*/

/*SIDU Export Start-------------------2013-06-22 13:07:56*/

INSERT INTO recommend_class(`end`,`level`,`start`,version) VALUES (59,'一星推荐',0,0),
(69,'二星推荐',60,0),
(79,'三星推荐',70,0),
(89,'四星推荐',80,0),
(100,'五星推荐',90,0);

/*SIDU Export End-------------------*/

/*SIDU Export Start-------------------2013-06-22 13:09:25*/

INSERT INTO resources(comments,name,url,version) VALUES ('','create tvshow','/tvshows/create*',0),
('','query tvshows','/tvshows/findTVShows',0),
('','load people json string','/tvshows/loadPeopleJsonString',0),
('','query tvshows','/tvshows/queryTVShows4Json',0),
('','update tvshow','/tvshows/update/doUpdate/*',0),
('','tvshow information','/tvshows/generalInfo/*',0),
('','to update tvshow','/tvshows/update/*',0),
('','create channel comments','/front/channelcommentses/create',0),
('','update channel cmts','/front/channelcommentses/update/doUpdate',0),
('','to create company','/front/companys?toCreate',0),
('','do create company','/front/companys/doCreate',0),
('','create cp','/front/contractpayments/create',0),
('','do update CP','/front/contractpayments/update/doUpdate',0),
('','create dept cmts','/front/deptcommentses/create',0),
('','do update dept cmts','/front/deptcommentses/update/doUpdate',0),
('','do create people','/front/peoples/doCreate',0),
('','to create people','/front/peoples?toCreate',0),
('','to create progress','/front/progresses?toCreate',0),
('','do create progress','/front/progresses/doCreate',0),
('','do create prj cmts','/front/projectorcommentses/create',0),
('','do update prj cmts','/front/projectorcommentses/update/doUpdate',0),
('','do create score','/front/scores/create',0),
('','do update score','/front/scores/update/doUpdate',0),
('','to create theme','/front/themes?toCreate',0),
('','do create theme','/front/themes/doCreate',0),
('','do create contract','/front/tvcontracts/create',0),
('','do create update','/front/tvcontracts/update/doUpdate',0),
('','to prj recomments table','/front/projectorcommentses/recommendFrom/*',0),
('','to channel cmts recommend form','/front/channelcommentses/recommendFrom/*',0),
('','to update prj cmts','/front/projectorcommentses/update/*',0),
('','to create prj cmts','/front/projectorcommentses/create/*',0),
('','to create channel cmts','/front/channelcommentses/create/*',0),
('','to update channel cmts','/front/channelcommentses/update/*',0),
('','to update CP','/front/contractpayments/update/*',0),
('','to create CP','/front/contractpayments/create/*',0),
('','to update dept cmts','/front/deptcommentses/update/*',0),
('','to update contract','/front/tvcontracts/update/*',0),
('','to create contract','/front/tvcontracts/create/*',0),
('','to update score','/front/scores/update/*',0),
('','to create score','/front/scores/create/*',0),
('','to create dept cmts','/front/deptcommentses/create/*/*',2),
('','channel cmt management','/channelcommentses*',0),
('','channel management','/channels*',0),
('','company managements','/companys*',0),
('','CP managements','/contractpayments*',0),
('','dept cmts management','/deptcommentses*',0),
('','people management','/peoples*',0),
('','progress management','/progresses*',0),
('','prj cmts management','/projectorcommentses*',0),
('','recommend class management','/recommendclasses*',0),
('','resource management','/resource*',0),
('','role mangement','/roles*',0),
('','score indicator management','/scoreindicators*',0),
('','score management','/scores*',0),
('','status management','/statuses*',0),
('','theme management','/themes*',0),
('','contract management','/tvcontracts*',0),
('','user management','/users*',0),
('','tvshow status changed','/tvshows/confirmPurchase/*/*',0),
('','list TVshows','/tvshows/list*',0),
('','delete TVshow','/tvshows/delete/*',0);

/*SIDU Export End-------------------*/

/*SIDU Export Start-------------------2013-06-22 13:10:32*/

INSERT INTO roles(id,comments,name,version) VALUES (1,'系统管理员','ADMIN',0),
(2,'评分','SCORING',0),
(3,'评分管理','SCORE_ADMIN',0),
(4,'信息录入','INFO_INPUT',0),
(5,'信息查询','INFO_QUERY',0),
(6,'中心及频道意见_编辑更新','update dept cmts',0),
(7,'评分_更新编辑','update score',0),
(8,'合同信息','contract info',0),
(9,'负责人意见 编辑更新','projector comment update',0);

/*SIDU Export End-------------------*/
/*SIDU Export Start-------------------2013-06-22 13:11:02*/

INSERT INTO roles_resources(roles,resources) VALUES (1,42),
(1,43),
(1,44),
(1,45),
(1,46),
(1,47),
(1,48),
(1,49),
(1,50),
(1,51),
(1,52),
(1,53),
(1,54),
(1,55),
(1,56),
(1,57),
(1,58),
(1,60),
(1,61),
(2,22),
(2,40),
(3,5),
(3,7),
(3,8),
(3,14),
(3,29),
(3,32),
(3,41),
(3,59),
(4,1),
(4,10),
(4,11),
(4,16),
(4,17),
(4,18),
(4,19),
(4,20),
(4,24),
(4,25),
(4,28),
(4,31),
(5,2),
(5,3),
(5,4),
(5,6),
(6,9),
(6,15),
(6,33),
(6,36),
(7,23),
(7,39),
(8,12),
(8,13),
(8,26),
(8,27),
(8,34),
(8,35),
(8,37),
(8,38),
(9,21),
(9,30);

/*SIDU Export End-------------------*/

/*SIDU Export Start-------------------2013-06-22 13:12:00*/

INSERT INTO score_indicator(name,proportion,version) VALUES ('故事情节',0.4,0),
('演员阵容',0.3,0),
('风格节奏',0.1,0),
('题材流行',0.1,0),
('收视习惯',0.05,0),
('制作水准',0.05,0);

/*SIDU Export End-------------------*/
/*SIDU Export Start-------------------2013-06-22 13:13:42*/

INSERT INTO status(id,name,remark,version) VALUES (1,'待推荐','完成基本信息收集,等待项目负责人审核推荐到中心',0),
(2,'初选','等待评分',0),
(3,'推荐中','已评分，准备或已经推荐到频道并等待频道反馈',0),
(4,'定片','确定购买此片，等待购片结果',0),
(5,'待播','已购买，等待播放',0),
(6,'已播','剧目已播放,结束',0),
(7,'结束','所有程序已完成',0),
(8,'初选淘汰','初选淘汰',0),
(9,'中心淘汰','中心审看未通过',0),
(10,'频道淘汰','频道审核未通过',0),
(11,'购买淘汰','未能购买剧目或其他原因',0),
(12,'合同终止','合同终止，停止播放',0);

/*SIDU Export End-------------------*/
/*SIDU Export Start-------------------2013-06-22 13:14:26*/

INSERT INTO theme(name,version) VALUES ('当代军旅',0),
('当代都市',0),
('当代农村',0),
('当代青少',0),
('当代涉案',0),
('当代科幻',0),
('当代传记',0),
('现代军旅',0),
('现代都市',0),
('现代农村',0),
('现代青少',0),
('现代涉案',0),
('现代传记',0),
('近代革命',0),
('近代都市',0),
('近代青少',0),
('近代传奇',0),
('近代传记',0),
('古代传奇',0),
('古代宫廷',0),
('古代武打',0),
('古代青少',0),
('重大革命历史',0);

/*SIDU Export End-------------------*/

/*SIDU Export Start-------------------2013-06-22 13:26:14*/

INSERT INTO users(id,name,password,staff,version) VALUES (1,'adminUser','83a5c5a89c6ae28db7773c2b3e2d05d0','系统管理员',0),
(2,'wubowubo','062986a7c088239a3b823e9bff03eb95','吴波',2),
(3,'chengyaru','24f85c7f2cde746386399130c0ba6100','程亚茹',1),
(4,'wangliang','430def76cd64c5a29e193a173af2418c','王亮',1),
(5,'ludongzhang','8e72190c95d74e554bd2cfa355ba99a7','鲁东章',1),
(6,'zhangyin','91ab39190ab22f895ed8b3f6043dbf7c','张音',1);

/*SIDU Export End-------------------*/

/*SIDU Export Start-------------------2013-06-22 13:27:37*/

INSERT INTO users_roles(users,roles) VALUES (1,1),
(1,2),
(1,3),
(1,4),
(1,5),
(1,6),
(1,7),
(1,8),
(1,9),
(3,2),
(3,3),
(3,4),
(3,5),
(2,2),
(2,3),
(2,4),
(2,5),
(4,2),
(4,3),
(4,4),
(4,5),
(4,6),
(5,2),
(5,3),
(5,4),
(5,5),
(5,6),
(5,7),
(5,8),
(5,9),
(6,2),
(6,3),
(6,4),
(6,5);

/*SIDU Export End-------------------*/

/*SIDU Export Start-------------------2013-06-22 13:21:03*/

alter table tvshow change outline outline varchar(1024) default '';

INSERT INTO tvshow(`count`,input_date,is_purchase,market_assessment,market_share,name,outline,reject_date,version,company,inputter,progress,projector,status,theme) VALUES (0,'2012-01-01 00:00:00','','-',0,'与狼共舞','-',NULL,0,1,1,1,1,7,1),
(0,'2012-01-01 00:00:00','','-',0,'诱惑','-',NULL,0,1,1,1,1,7,1),
(0,'2012-01-01 00:00:00','','-',0,'战火兵魂','-',NULL,0,1,1,1,1,7,1),
(0,'2012-01-01 00:00:00','','-',0,'抬头见喜','-',NULL,0,1,1,1,1,7,1),
(0,'2012-01-01 00:00:00','','-',0,'文家的秘密','-',NULL,0,1,1,1,1,7,1),
(0,'2012-01-01 00:00:00','','-',0,'妈妈的花样年华','-',NULL,0,1,1,1,1,7,1),
(0,'2012-01-01 00:00:00','','-',0,'说书人','-',NULL,0,1,1,1,1,7,1),
(0,'2012-01-01 00:00:00','','-',0,'陕北汉子','-',NULL,0,1,1,1,1,7,1),
(0,'2012-01-01 00:00:00','','-',0,'别叫我兄弟','-',NULL,1,1,1,1,1,7,1),
(0,'2012-01-01 00:00:00','','-',0,'今夜天使降临','-',NULL,0,1,1,1,1,7,1),
(0,'2012-01-01 00:00:00','','-',0,'等你回家','-',NULL,0,1,1,1,1,7,1),
(0,'2012-01-01 00:00:00','','-',0,'走，打鬼子去','-',NULL,0,1,1,1,1,7,1),
(0,'2012-01-01 00:00:00','','-',0,'老米家的婚事','-',NULL,0,1,1,1,1,7,1),
(0,'2012-01-01 00:00:00','','-',0,'真爱惹麻烦','-',NULL,0,1,1,1,1,7,1),
(0,'2012-01-01 00:00:00','','-',0,'包青天93版','-',NULL,0,1,1,1,1,7,1),
(0,'2012-01-01 00:00:00','','-',0,'粘豆包','-',NULL,0,1,1,1,1,7,1),
(0,'2012-01-01 00:00:00','','-',0,'赵匡胤','-',NULL,0,1,1,1,1,7,1),
(0,'2012-01-01 00:00:00','','-',0,'煮妇也疯狂','-',NULL,0,1,1,1,1,7,1),
(0,'2012-01-01 00:00:00','','-',0,'我的极品老妈','-',NULL,0,1,1,1,1,7,1),
(0,'2012-01-01 00:00:00','','-',0,'枪神传奇','-',NULL,0,1,1,1,1,7,1),
(0,'2012-01-01 00:00:00','','-',0,'我的抗战之猎豹突击','-',NULL,0,1,1,1,1,7,1),
(0,'2012-01-01 00:00:00','','-',0,'幸福向前走','-',NULL,0,1,1,1,1,7,1),
(0,'2012-01-01 00:00:00','','-',0,'风再起时','-',NULL,0,1,1,1,1,7,1),
(0,'2012-01-01 00:00:00','','-',0,'新恋爱时代','-',NULL,0,1,1,1,1,7,1),
(0,'2012-01-01 00:00:00','','-',0,'走 打鬼子去','-',NULL,0,1,1,1,1,7,1),
(0,'2012-01-01 00:00:00','','-',0,'转身说爱你','-',NULL,0,1,1,1,1,7,1),
(0,'2012-01-01 00:00:00','','-',0,'家事也是事','-',NULL,0,1,1,1,1,7,1),
(0,'2012-01-01 00:00:00','','-',0,'兰陵王','-',NULL,0,1,1,1,1,7,1),
(0,'2012-01-01 00:00:00','','-',0,'我家的春夏秋冬','-',NULL,0,1,1,1,1,7,1),
(0,'2012-01-01 00:00:00','','-',0,'结婚的秘密','-',NULL,0,1,1,1,1,7,1),
(0,'2012-01-01 00:00:00','','-',0,'边城','-',NULL,0,1,1,1,1,7,1),
(0,'2012-01-01 00:00:00','','-',0,'枪侠','-',NULL,0,1,1,1,1,7,1),
(0,'2012-01-01 00:00:00','','-',0,'夺爱','-',NULL,0,1,1,1,1,7,1),
(0,'2012-01-01 00:00:00','','-',0,'鱼跃在冬季','-',NULL,0,1,1,1,1,7,1),
(0,'2012-01-01 00:00:00','','-',0,'无法放弃','-',NULL,0,1,1,1,1,7,1),
(0,'2012-01-01 00:00:00','','-',0,'永不低头','-',NULL,0,1,1,1,1,7,1),
(0,'2012-01-01 00:00:00','','-',0,'地火','-',NULL,0,1,1,1,1,7,1),
(0,'2012-01-01 00:00:00','','-',0,'爱情最美丽','-',NULL,0,1,1,1,1,7,1),
(0,'2012-01-01 00:00:00','','-',0,'门·第','-',NULL,0,1,1,1,1,7,1),
(0,'2012-01-01 00:00:00','','-',0,'唐山大地震','-',NULL,0,1,1,1,1,7,1),
(0,'2012-01-01 00:00:00','','-',0,'娘要嫁人','-',NULL,0,1,1,1,1,7,1),
(0,'2012-01-01 00:00:00','','-',0,'大典当','-',NULL,0,1,1,1,1,7,1),
(0,'2012-01-01 00:00:00','','-',0,'武林猛虎','-',NULL,0,1,1,1,1,7,1),
(0,'2012-01-01 00:00:00','','-',0,'我家的春夏秋冬','-',NULL,0,1,1,1,1,7,1),
(0,'2012-01-01 00:00:00','','-',0,'女刑警李春春','-',NULL,0,1,1,1,1,7,1),
(0,'2012-01-01 00:00:00','','-',0,'决战燕子门','-',NULL,0,1,1,1,1,7,1),
(0,'2012-01-01 00:00:00','','-',0,'老爹的非“城”勿扰','-',NULL,0,1,1,1,1,7,1),
(0,'2012-01-01 00:00:00','','-',0,'父母爱情','-',NULL,0,1,1,1,1,7,1),
(0,'2012-01-01 00:00:00','','-',0,'有你才幸福','-',NULL,0,1,1,1,1,7,1),
(0,'2012-01-01 00:00:00','','-',0,'小爸爸','-',NULL,0,1,1,1,1,7,1),
(0,'2012-01-01 00:00:00','','-',0,'失恋33天','-',NULL,0,1,1,1,1,7,1),
(0,'2012-01-01 00:00:00','','-',0,'独有英雄','-',NULL,0,1,1,1,1,7,1),
(0,'2012-01-01 00:00:00','','-',0,'说谎的爱人','-',NULL,0,1,1,1,1,7,1),
(0,'2012-01-01 00:00:00','','-',0,'接班女婿','-',NULL,0,1,1,1,1,7,1),
(0,'2012-01-01 00:00:00','','-',0,'放开我的手','-',NULL,0,1,1,1,1,7,1),
(0,'2012-01-01 00:00:00','','-',0,'推拿','-',NULL,0,1,1,1,1,7,1),
(0,'2012-01-01 00:00:00','','-',0,'养女','-',NULL,0,1,1,1,1,7,1),
(0,'2012-01-01 00:00:00','','-',0,'爱情自有天意','-',NULL,0,1,1,1,1,7,1),
(0,'2012-01-01 00:00:00','','-',0,'龙门镖局','-',NULL,0,1,1,1,1,7,1),
(0,'2012-01-01 00:00:00','','-',0,'隋唐演义','-',NULL,0,1,1,1,1,7,1),
(0,'2012-01-01 00:00:00','','-',0,'专列一号','-',NULL,0,1,1,1,1,7,1),
(0,'2012-01-01 00:00:00','','-',0,'无贼','-',NULL,0,1,1,1,1,7,1),
(0,'2012-01-01 00:00:00','','-',0,'好家伙','-',NULL,0,1,1,1,1,7,1),
(0,'2012-01-01 00:00:00','','-',0,'那金花和她的女婿','-',NULL,0,1,1,1,1,7,1),
(0,'2012-01-01 00:00:00','','-',0,'风影','-',NULL,0,1,1,1,1,7,1),
(0,'2012-01-01 00:00:00','','-',0,'狼烟','-',NULL,0,1,1,1,1,7,1),
(0,'2012-01-01 00:00:00','','-',0,'江湖正道','-',NULL,0,1,1,1,1,7,1),
(0,'2012-01-01 00:00:00','','-',0,'大漠苍狼','-',NULL,0,1,1,1,1,7,1),
(0,'2012-01-01 00:00:00','','-',0,'烈焰','-',NULL,0,1,1,1,1,7,1),
(0,'2012-01-01 00:00:00','','-',0,'薛丁山','-',NULL,0,1,1,1,1,7,1),
(0,'2012-01-01 00:00:00','','-',0,'身边的幸福','-',NULL,0,1,1,1,1,7,1),
(0,'2012-01-01 00:00:00','','-',0,'丈夫的秘密','-',NULL,0,1,1,1,1,7,1),
(0,'2012-01-01 00:00:00','','-',0,'那年来了鬼子兵','-',NULL,0,1,1,1,1,7,1),
(0,'2012-01-01 00:00:00','','-',0,'刀影','-',NULL,0,1,1,1,1,7,1),
(0,'2012-01-01 00:00:00','','-',0,'中国骑兵','-',NULL,0,1,1,1,1,7,1),
(0,'2012-01-01 00:00:00','','-',0,'非凡英雄','-',NULL,0,1,1,1,1,7,1),
(0,'2012-01-01 00:00:00','','-',0,'乱世书香','-',NULL,0,1,1,1,1,7,1),
(0,'2012-01-01 00:00:00','','-',0,'媳妇的美好宣言','-',NULL,0,1,1,1,1,7,1),
(0,'2012-01-01 00:00:00','','-',0,'走出硝烟的女人','-',NULL,0,1,1,1,1,7,1),
(0,'2012-01-01 00:00:00','','-',0,'杀尽豺狼','-',NULL,0,1,1,1,1,7,1),
(0,'2012-01-01 00:00:00','','-',0,'异镇','-',NULL,0,1,1,1,1,7,1),
(0,'2012-01-01 00:00:00','','-',0,'老有所依','-',NULL,0,1,1,1,1,7,1),
(0,'2012-01-01 00:00:00','','-',0,'大兵小将','-',NULL,0,1,1,1,1,7,1),
(0,'2012-01-01 00:00:00','','-',0,'追鱼传奇','-',NULL,0,1,1,1,1,7,1),
(0,'2012-01-01 00:00:00','','-',0,'战地花开','-',NULL,0,1,1,1,1,7,1),
(0,'2012-01-01 00:00:00','','-',0,'向着胜利前进','-',NULL,0,1,1,1,1,7,1),
(0,'2012-01-01 00:00:00','','-',0,'鸳鸯佩','-',NULL,0,1,1,1,1,7,1),
(0,'2012-01-01 00:00:00','','-',0,'凤还巢之连城','-',NULL,0,1,1,1,1,7,1),
(0,'2012-01-01 00:00:00','','-',0,'血风','-',NULL,0,1,1,1,1,7,1),
(0,'2012-01-01 00:00:00','','-',0,'警中警之警中兄弟','-',NULL,0,1,1,1,1,7,1),
(0,'2012-01-01 00:00:00','','-',0,'我们的生活比蜜甜','-',NULL,0,1,1,1,1,7,1),
(0,'2012-01-01 00:00:00','','-',0,'独狼','-',NULL,0,1,1,1,1,7,1),
(0,'2012-01-01 00:00:00','','-',0,'米脂婆姨','-',NULL,0,1,1,1,1,7,1),
(0,'2012-01-01 00:00:00','','-',0,'宝贝战争','-',NULL,0,1,1,1,1,7,1),
(0,'2012-01-01 00:00:00','','-',0,'我们的快乐人生','-',NULL,0,1,1,1,1,7,1),
(0,'2012-01-01 00:00:00','','-',0,'北京青年','-',NULL,0,1,1,1,1,7,1),
(0,'2012-01-01 00:00:00','','-',0,'从将军到士兵','-',NULL,0,1,1,1,1,7,1),
(0,'2012-01-01 00:00:00','','-',0,'光荣使命','-',NULL,0,1,1,1,1,7,1),
(0,'2012-01-01 00:00:00','','-',0,'头牌','-',NULL,0,1,1,1,1,7,1),
(0,'2012-01-01 00:00:00','','-',0,'外姓兄弟','-',NULL,0,1,1,1,1,7,1),
(0,'2012-01-01 00:00:00','','-',0,'老婆大人2','-',NULL,0,1,1,1,1,7,1),
(0,'2012-01-01 00:00:00','','-',0,'射雕英雄传','-',NULL,0,1,1,1,1,7,1),
(0,'2012-01-01 00:00:00','','-',0,'平凡的岁月','-',NULL,0,1,1,1,1,7,1),
(0,'2012-01-01 00:00:00','','-',0,'烈火雄心（2）（3）','-',NULL,0,1,1,1,1,7,1),
(0,'2012-01-01 00:00:00','','-',0,'别逼我结婚','-',NULL,0,1,1,1,1,7,1),
(0,'2012-01-01 00:00:00','','-',0,'老爸的心愿','-',NULL,0,1,1,1,1,7,1),
(0,'2012-01-01 00:00:00','','-',0,'对不起 爱上你','-',NULL,0,1,1,1,1,7,1),
(0,'2012-01-01 00:00:00','','-',0,'一个鬼子都不留','-',NULL,0,1,1,1,1,7,1),
(0,'2012-01-01 00:00:00','','-',0,'新白娘子传奇','-',NULL,0,1,1,1,1,7,1),
(0,'2012-01-01 00:00:00','','-',0,'都是兄弟','-',NULL,0,1,1,1,1,7,1),
(0,'2012-01-01 00:00:00','','-',0,'我的左手右手','-',NULL,0,1,1,1,1,7,1),
(0,'2012-01-01 00:00:00','','-',0,'婚前协议','-',NULL,0,1,1,1,1,7,1),
(0,'2012-01-01 00:00:00','','-',0,'血战长空','-',NULL,0,1,1,1,1,7,1),
(0,'2012-01-01 00:00:00','','-',0,'微风吹乱的爱情（又名：错嫁）','-',NULL,0,1,1,1,1,7,1),
(0,'2012-01-01 00:00:00','','-',0,'喋血女人花','-',NULL,0,1,1,1,1,7,1),
(0,'2012-01-01 00:00:00','','-',0,'穆桂英挂帅','-',NULL,0,1,1,1,1,7,1),
(0,'2012-01-01 00:00:00','','-',0,'叶问','-',NULL,0,1,1,1,1,7,1),
(0,'2012-01-01 00:00:00','','-',0,'出关','-',NULL,0,1,1,1,1,7,1),
(0,'2012-01-01 00:00:00','','-',0,'像火花像蝴蝶','-',NULL,0,1,1,1,1,7,1),
(0,'2012-01-01 00:00:00','','-',0,'老公的春天','-',NULL,0,1,1,1,1,7,1),
(0,'2012-01-01 00:00:00','','-',0,'雾都','-',NULL,0,1,1,1,1,7,1),
(0,'2012-01-01 00:00:00','','-',0,'双谍','-',NULL,0,1,1,1,1,7,1),
(0,'2012-01-01 00:00:00','','-',0,'女婿难当','-',NULL,0,1,1,1,1,7,1),
(0,'2012-01-01 00:00:00','','-',0,'施公奇案2','-',NULL,0,1,1,1,1,7,1),
(0,'2012-01-01 00:00:00','','-',0,'血刃','-',NULL,0,1,1,1,1,7,1),
(0,'2012-01-01 00:00:00','','-',0,'爱情公寓1、2','-',NULL,0,1,1,1,1,7,1),
(0,'2012-01-01 00:00:00','','-',0,'母亲母亲','-',NULL,0,1,1,1,1,7,1),
(0,'2012-01-01 00:00:00','','-',0,'猎狼人','-',NULL,0,1,1,1,1,7,1),
(0,'2012-01-01 00:00:00','','-',0,'内线前传','-',NULL,0,1,1,1,1,7,1),
(0,'2012-01-01 00:00:00','','-',0,'璀璨人生','-',NULL,0,1,1,1,1,7,1),
(0,'2012-01-01 00:00:00','','-',0,'假如生活欺骗了你','-',NULL,0,1,1,1,1,7,1),
(0,'2012-01-01 00:00:00','','-',0,'游击兵工厂','-',NULL,0,1,1,1,1,7,1),
(0,'2012-01-01 00:00:00','','-',0,'幸福在哪里','-',NULL,0,1,1,1,1,7,1),
(0,'2012-01-01 00:00:00','','-',0,'势不两立','-',NULL,0,1,1,1,1,7,1),
(0,'2012-01-01 00:00:00','','-',0,'胜利者','-',NULL,0,1,1,1,1,7,1),
(0,'2012-01-01 00:00:00','','-',0,'渗透','-',NULL,0,1,1,1,1,7,1),
(0,'2012-01-01 00:00:00','','-',0,'下班抓紧谈恋爱','-',NULL,0,1,1,1,1,7,1),
(0,'2012-01-01 00:00:00','','-',0,'一代枭雄','-',NULL,0,1,1,1,1,7,1),
(0,'2012-01-01 00:00:00','','-',0,'女人要过好日子','-',NULL,0,1,1,1,1,7,1),
(0,'2012-01-01 00:00:00','','-',0,'战雷','-',NULL,0,1,1,1,1,7,1),
(0,'2012-01-01 00:00:00','','-',0,'一家人不说两家话','-',NULL,0,1,1,1,1,7,1),
(0,'2012-01-01 00:00:00','','-',0,'幸福满屋','-',NULL,0,1,1,1,1,7,1),
(0,'2012-01-01 00:00:00','','-',0,'一帘幽梦','-',NULL,0,1,1,1,1,7,1),
(0,'2012-01-01 00:00:00','','-',0,'当人心遇上仁心','-',NULL,0,1,1,1,1,7,1),
(0,'2012-01-01 00:00:00','','-',0,'斗地主','-',NULL,0,1,1,1,1,7,1),
(0,'2012-01-01 00:00:00','','-',0,'青春守则','-',NULL,0,1,1,1,1,7,1),
(0,'2012-01-01 00:00:00','','-',0,'冬日惊雷','-',NULL,0,1,1,1,1,7,1),
(0,'2012-01-01 00:00:00','','-',0,'同在屋檐下','-',NULL,0,1,1,1,1,7,1),
(0,'2012-01-01 00:00:00','','-',0,'一句顶一万句','-',NULL,0,1,1,1,1,7,1),
(0,'2012-01-01 00:00:00','','-',0,'新编辑部的故事','-',NULL,0,1,1,1,1,7,1),
(0,'2012-01-01 00:00:00','','-',0,'独生子女的婆婆妈妈','-',NULL,0,1,1,1,1,7,1),
(0,'2012-01-01 00:00:00','','-',0,'火线三兄弟','-',NULL,0,1,1,1,1,7,1),
(0,'2012-01-01 00:00:00','','-',0,'猎杀','-',NULL,0,1,1,1,1,7,1),
(0,'2012-01-01 00:00:00','','-',0,'谎言背后','-',NULL,0,1,1,1,1,7,1),
(0,'2012-01-01 00:00:00','','-',0,'宝贝儿回家','-',NULL,0,1,1,1,1,7,1),
(0,'2012-01-01 00:00:00','','-',0,'爱情公寓4','-',NULL,0,1,1,1,1,7,1),
(0,'2012-01-01 00:00:00','','-',0,'盛夏晚晴天','-',NULL,0,1,1,1,1,7,1),
(0,'2012-01-01 00:00:00','','-',0,'不曾失去的岁月','-',NULL,0,1,1,1,1,7,1),
(0,'2012-01-01 00:00:00','','-',0,'中国往事','-',NULL,0,1,1,1,1,7,1),
(0,'2012-01-01 00:00:00','','-',0,'包青天','-',NULL,0,1,1,1,1,7,1),
(0,'2012-01-01 00:00:00','','-',0,'十月围城','-',NULL,0,1,1,1,1,7,1),
(0,'2012-01-01 00:00:00','','-',0,'风流少年唐伯虎','-',NULL,0,1,1,1,1,7,1);

update tvshow set removed=0,ranking=0,ratings=0;
/*SIDU Export End-------------------*/

